{
  "model": "YOLOv8m-cls",
  "seed": 2024,
  "accuracy": 0.6740968485780169,
  "precision_weighted": 0.7085929241369547,
  "recall_weighted": 0.6740968485780169,
  "f1_weighted": 0.6813253481054933,
  "auc_roc_macro": 0.886052837538935,
  "avg_latency_ms": 26.61787208275645,
  "total_test_images": 1301,
  "classes": {
    "cataract": {
      "precision": 0.92,
      "recall": 0.572139303482587,
      "f1_score": 0.7055214723926381,
      "support": 201
    },
    "diabetic_retinopathy": {
      "precision": 0.7780979827089337,
      "recall": 0.8120300751879699,
      "f1_score": 0.7947019867549668,
      "support": 665
    },
    "glaucoma": {
      "precision": 0.6344827586206897,
      "recall": 0.47668393782383417,
      "f1_score": 0.5443786982248521,
      "support": 193
    },
    "normal": {
      "precision": 0.423841059602649,
      "recall": 0.5638766519823789,
      "f1_score": 0.4839319470699433,
      "support": 227
    },
    "retina_disease": {
      "precision": 0.05714285714285714,
      "recall": 0.13333333333333333,
      "f1_score": 0.08,
      "support": 15
    }
  }
}