{
  "model": "YOLOv8m-cls",
  "seed": 42,
  "accuracy": 0.9093005380476556,
  "precision_weighted": 0.9102850452624586,
  "recall_weighted": 0.9093005380476556,
  "f1_weighted": 0.9096338622505066,
  "auc_roc_macro": 0.9892012174091421,
  "avg_latency_ms": 26.641477354666897,
  "total_test_images": 1301,
  "classes": {
    "cataract": {
      "precision": 0.9077669902912622,
      "recall": 0.9303482587064676,
      "f1_score": 0.918918918918919,
      "support": 201
    },
    "diabetic_retinopathy": {
      "precision": 0.9694656488549618,
      "recall": 0.9548872180451128,
      "f1_score": 0.9621212121212122,
      "support": 665
    },
    "glaucoma": {
      "precision": 0.8670212765957447,
      "recall": 0.844559585492228,
      "f1_score": 0.8556430446194225,
      "support": 193
    },
    "normal": {
      "precision": 0.7983193277310925,
      "recall": 0.8370044052863436,
      "f1_score": 0.8172043010752689,
      "support": 227
    },
    "retina_disease": {
      "precision": 0.5714285714285714,
      "recall": 0.5333333333333333,
      "f1_score": 0.5517241379310345,
      "support": 15
    }
  }
}