{
  "model": "YOLOv8m-cls",
  "seed": 123,
  "accuracy": 0.6871637202152191,
  "precision_weighted": 0.7133257083149331,
  "recall_weighted": 0.6871637202152191,
  "f1_weighted": 0.6849109057927056,
  "auc_roc_macro": 0.9104137445251024,
  "avg_latency_ms": 26.565044866352242,
  "total_test_images": 1301,
  "classes": {
    "cataract": {
      "precision": 0.9489795918367347,
      "recall": 0.4626865671641791,
      "f1_score": 0.6220735785953178,
      "support": 201
    },
    "diabetic_retinopathy": {
      "precision": 0.7927007299270074,
      "recall": 0.8165413533834587,
      "f1_score": 0.8044444444444444,
      "support": 665
    },
    "glaucoma": {
      "precision": 0.5258215962441315,
      "recall": 0.5803108808290155,
      "f1_score": 0.5517241379310345,
      "support": 193
    },
    "normal": {
      "precision": 0.4786885245901639,
      "recall": 0.6431718061674009,
      "f1_score": 0.5488721804511278,
      "support": 227
    },
    "retina_disease": {
      "precision": 0.0,
      "recall": 0.0,
      "f1_score": 0.0,
      "support": 15
    }
  }
}