{
  "model": "YOLOv8m",
  "run_name": "yolov8m_eye_cls_20260510_231341",
  "timestamp": "2026-05-11T09:06:11.301833",
  "accuracy": 0.8467475192943771,
  "precision": 0.8460111172633691,
  "recall": 0.8467475192943771,
  "f1_score": 0.8461647726368461,
  "avg_inference_ms": 28.013545596744155,
  "total_test_images": 907,
  "class_names": [
    "cataract",
    "diabetic_retinopathy",
    "glaucoma",
    "normal",
    "retina_disease"
  ]
}