{
  "model": "YOLOv8m",
  "run_name": "yolov8m_eye_cls_20260527_222023",
  "timestamp": "2026-05-27T22:23:28.593711",
  "accuracy": 0.6521739130434783,
  "precision": 0.6755029261128942,
  "recall": 0.6521739130434783,
  "f1_score": 0.6350379584965035,
  "avg_inference_ms": 32.444954148813146,
  "total_test_images": 1035,
  "class_names": [
    "cataract",
    "diabetic_retinopathy",
    "glaucoma",
    "normal",
    "retina_disease"
  ]
}