{
  "model": "YOLOv8m",
  "run_name": "yolov8m_eye_cls_20260516_150417",
  "timestamp": "2026-05-17T07:24:45.375099",
  "accuracy": 0.8801932367149758,
  "precision": 0.8814486711180237,
  "recall": 0.8801932367149758,
  "f1_score": 0.8802743034797157,
  "avg_inference_ms": 36.43745109078965,
  "total_test_images": 1035,
  "class_names": [
    "cataract",
    "diabetic_retinopathy",
    "glaucoma",
    "normal",
    "retina_disease"
  ]
}