{
  "model": "YOLOv8m",
  "run_name": "yolov8m_eye_cls_20260527_222345",
  "timestamp": "2026-05-27T22:26:35.855440",
  "accuracy": 0.6589371980676328,
  "precision": 0.685715664160987,
  "recall": 0.6589371980676328,
  "f1_score": 0.6511512582726776,
  "avg_inference_ms": 29.523289491588944,
  "total_test_images": 1035,
  "class_names": [
    "cataract",
    "diabetic_retinopathy",
    "glaucoma",
    "normal",
    "retina_disease"
  ]
}