{
  "model": "YOLOv8",
  "run_name": "eye_cls_20260510_195038",
  "timestamp": "2026-05-10T21:14:14.639546",
  "accuracy": 0.848124428179323,
  "precision": 0.8442906960459055,
  "recall": 0.848124428179323,
  "f1_score": 0.8442277233509329,
  "avg_inference_ms": 27.819933415768023,
  "total_test_images": 1093,
  "class_names": [
    "cataract",
    "diabetic_retinopathy",
    "glaucoma",
    "normal",
    "retina_disease"
  ]
}