{
  "model": "DenseNet121",
  "run_name": "densenet121_20260520_122719",
  "timestamp": "2026-05-20T14:06:31.727178",
  "accuracy": 0.8147578785549577,
  "precision": 0.817946615340228,
  "recall": 0.8147578785549577,
  "f1_score": 0.8140742060032246,
  "avg_inference_ms": 10.422847162843393,
  "total_test_images": 1301,
  "class_names": [
    "cataract",
    "diabetic_retinopathy",
    "glaucoma",
    "normal",
    "retina_disease"
  ]
}