{
  "model": "DenseNet121",
  "run_name": "densenet121_20260527_212553",
  "timestamp": "2026-05-27T21:30:02.264972",
  "accuracy": 0.595695618754804,
  "precision": 0.7740363933469516,
  "recall": 0.595695618754804,
  "f1_score": 0.6379979438525759,
  "avg_inference_ms": 7.411998386661608,
  "total_test_images": 1301,
  "class_names": [
    "cataract",
    "diabetic_retinopathy",
    "glaucoma",
    "normal",
    "retina_disease"
  ]
}