{
  "model": "DenseNet121",
  "run_name": "densenet121_20260527_212008",
  "timestamp": "2026-05-27T21:24:13.461044",
  "accuracy": 0.6502690238278247,
  "precision": 0.7359969510573022,
  "recall": 0.6502690238278247,
  "f1_score": 0.6830658625609844,
  "avg_inference_ms": 7.24446122963368,
  "total_test_images": 1301,
  "class_names": [
    "cataract",
    "diabetic_retinopathy",
    "glaucoma",
    "normal",
    "retina_disease"
  ]
}