{
  "model": "DenseNet121",
  "seed": 123,
  "accuracy": 0.6464258262874711,
  "precision_weighted": 0.7325617197032614,
  "recall_weighted": 0.6464258262874711,
  "f1_weighted": 0.6799132304105913,
  "auc_roc_macro": 0.9000837217906735,
  "avg_latency_ms": 39.54011582118744,
  "total_test_images": 1301,
  "classes": {
    "cataract": {
      "precision": 0.856353591160221,
      "recall": 0.7711442786069652,
      "f1_score": 0.8115183246073299,
      "support": 201
    },
    "diabetic_retinopathy": {
      "precision": 0.8140350877192982,
      "recall": 0.6977443609022557,
      "f1_score": 0.751417004048583,
      "support": 665
    },
    "glaucoma": {
      "precision": 0.7571428571428571,
      "recall": 0.5492227979274611,
      "f1_score": 0.6366366366366366,
      "support": 193
    },
    "normal": {
      "precision": 0.40562248995983935,
      "recall": 0.44493392070484583,
      "f1_score": 0.42436974789915966,
      "support": 227
    },
    "retina_disease": {
      "precision": 0.09316770186335403,
      "recall": 1.0,
      "f1_score": 0.17045454545454544,
      "support": 15
    }
  }
}