{
  "model": "YOLO11m-cls",
  "seed": 42,
  "accuracy": 0.9269792467332821,
  "precision_weighted": 0.9273213527045032,
  "recall_weighted": 0.9269792467332821,
  "f1_weighted": 0.9266069001999232,
  "auc_roc_macro": 0.9846918196711509,
  "avg_latency_ms": 28.042255595131714,
  "total_test_images": 1301,
  "classes": {
    "cataract": {
      "precision": 0.8962264150943396,
      "recall": 0.945273631840796,
      "f1_score": 0.9200968523002422,
      "support": 201
    },
    "diabetic_retinopathy": {
      "precision": 0.9540740740740741,
      "recall": 0.968421052631579,
      "f1_score": 0.9611940298507463,
      "support": 665
    },
    "glaucoma": {
      "precision": 0.953757225433526,
      "recall": 0.8549222797927462,
      "f1_score": 0.9016393442622951,
      "support": 193
    },
    "normal": {
      "precision": 0.8533333333333334,
      "recall": 0.8458149779735683,
      "f1_score": 0.8495575221238938,
      "support": 227
    },
    "retina_disease": {
      "precision": 0.9375,
      "recall": 1.0,
      "f1_score": 0.967741935483871,
      "support": 15
    }
  }
}