{
  "model": "ResNet50",
  "seed": 42,
  "accuracy": 0.8431975403535742,
  "precision_weighted": 0.8602596286928138,
  "recall_weighted": 0.8431975403535742,
  "f1_weighted": 0.8472418701182284,
  "auc_roc_macro": 0.9679830872836644,
  "avg_latency_ms": 28.372619263856436,
  "total_test_images": 1301,
  "classes": {
    "cataract": {
      "precision": 0.8960396039603961,
      "recall": 0.900497512437811,
      "f1_score": 0.8982630272952854,
      "support": 201
    },
    "diabetic_retinopathy": {
      "precision": 0.933649289099526,
      "recall": 0.8887218045112782,
      "f1_score": 0.9106317411402157,
      "support": 665
    },
    "glaucoma": {
      "precision": 0.868421052631579,
      "recall": 0.6839378238341969,
      "f1_score": 0.7652173913043478,
      "support": 193
    },
    "normal": {
      "precision": 0.6334519572953736,
      "recall": 0.7841409691629956,
      "f1_score": 0.7007874015748031,
      "support": 227
    },
    "retina_disease": {
      "precision": 0.45454545454545453,
      "recall": 1.0,
      "f1_score": 0.625,
      "support": 15
    }
  }
}