{
  "model": "ResNet50",
  "seed": 123,
  "accuracy": 0.8339738662567256,
  "precision_weighted": 0.8479447126006477,
  "recall_weighted": 0.8339738662567256,
  "f1_weighted": 0.8368755201588115,
  "auc_roc_macro": 0.9657727684570119,
  "avg_latency_ms": 27.74025988890335,
  "total_test_images": 1301,
  "classes": {
    "cataract": {
      "precision": 0.8934010152284264,
      "recall": 0.8756218905472637,
      "f1_score": 0.8844221105527639,
      "support": 201
    },
    "diabetic_retinopathy": {
      "precision": 0.9024024024024024,
      "recall": 0.9037593984962407,
      "f1_score": 0.9030803906836965,
      "support": 665
    },
    "glaucoma": {
      "precision": 0.9041095890410958,
      "recall": 0.6839378238341969,
      "f1_score": 0.7787610619469026,
      "support": 193
    },
    "normal": {
      "precision": 0.62890625,
      "recall": 0.7092511013215859,
      "f1_score": 0.6666666666666666,
      "support": 227
    },
    "retina_disease": {
      "precision": 0.4166666666666667,
      "recall": 1.0,
      "f1_score": 0.5882352941176471,
      "support": 15
    }
  }
}