{
  "model": "ResNet50",
  "seed": 123,
  "accuracy": 0.6748654880860876,
  "precision_weighted": 0.7476395936588551,
  "recall_weighted": 0.6748654880860876,
  "f1_weighted": 0.6940832978868473,
  "auc_roc_macro": 0.9037520482908861,
  "avg_latency_ms": 61.36875570415992,
  "total_test_images": 1301,
  "classes": {
    "cataract": {
      "precision": 0.8633879781420765,
      "recall": 0.7860696517412935,
      "f1_score": 0.8229166666666666,
      "support": 201
    },
    "diabetic_retinopathy": {
      "precision": 0.7990353697749196,
      "recall": 0.7473684210526316,
      "f1_score": 0.7723387723387724,
      "support": 665
    },
    "glaucoma": {
      "precision": 0.9175257731958762,
      "recall": 0.46113989637305697,
      "f1_score": 0.6137931034482759,
      "support": 193
    },
    "normal": {
      "precision": 0.3888888888888889,
      "recall": 0.5242290748898678,
      "f1_score": 0.44652908067542213,
      "support": 227
    },
    "retina_disease": {
      "precision": 0.16129032258064516,
      "recall": 1.0,
      "f1_score": 0.2777777777777778,
      "support": 15
    }
  }
}