{
  "model": "ResNet50",
  "seed": 42,
  "accuracy": 0.8993082244427364,
  "precision_weighted": 0.9028254697678041,
  "recall_weighted": 0.8993082244427364,
  "f1_weighted": 0.9000692413580373,
  "auc_roc_macro": 0.9832605319064612,
  "avg_latency_ms": 72.09031000950993,
  "total_test_images": 1301,
  "classes": {
    "cataract": {
      "precision": 0.9170731707317074,
      "recall": 0.9353233830845771,
      "f1_score": 0.9261083743842364,
      "support": 201
    },
    "diabetic_retinopathy": {
      "precision": 0.9556574923547401,
      "recall": 0.9398496240601504,
      "f1_score": 0.9476876421531463,
      "support": 665
    },
    "glaucoma": {
      "precision": 0.8863636363636364,
      "recall": 0.8082901554404145,
      "f1_score": 0.8455284552845529,
      "support": 193
    },
    "normal": {
      "precision": 0.7490196078431373,
      "recall": 0.8414096916299559,
      "f1_score": 0.7925311203319502,
      "support": 227
    },
    "retina_disease": {
      "precision": 0.9090909090909091,
      "recall": 0.6666666666666666,
      "f1_score": 0.7692307692307693,
      "support": 15
    }
  }
}