{
  "model": "ResNet50",
  "run_name": "resnet50_20260602_130630",
  "timestamp": "2026-06-03T01:21:30.486968",
  "accuracy": 0.8370484242890085,
  "precision": 0.8540731014569619,
  "recall": 0.8370484242890085,
  "f1_score": 0.8407654831216096,
  "avg_inference_ms": 3.773976984984319,
  "total_test_images": 1301,
  "class_names": [
    "cataract",
    "diabetic_retinopathy",
    "glaucoma",
    "normal",
    "retina_disease"
  ]
}