{
  "model": "ResNet50",
  "run_name": "resnet50_20260510_213655",
  "timestamp": "2026-05-10T22:14:12.800898",
  "accuracy": 0.8819762122598354,
  "precision": 0.8805611464946863,
  "recall": 0.8819762122598354,
  "f1_score": 0.880632676862558,
  "avg_inference_ms": 2.984640473961721,
  "total_test_images": 1093,
  "class_names": [
    "cataract",
    "diabetic_retinopathy",
    "glaucoma",
    "normal",
    "retina_disease"
  ]
}