{
  "model": "ResNet50",
  "run_name": "resnet50_20260516_150423",
  "timestamp": "2026-05-16T19:54:55.955810",
  "accuracy": 0.8885472713297463,
  "precision": 0.8926746369440618,
  "recall": 0.8885472713297463,
  "f1_score": 0.8894856896660309,
  "avg_inference_ms": 4.855107747986168,
  "total_test_images": 1301,
  "class_names": [
    "cataract",
    "diabetic_retinopathy",
    "glaucoma",
    "normal",
    "retina_disease"
  ]
}