{
  "model": "ResNet50",
  "run_name": "resnet50_20260527_211348",
  "timestamp": "2026-05-27T21:17:49.460352",
  "accuracy": 0.6879323597232898,
  "precision": 0.763560329328487,
  "recall": 0.6879323597232898,
  "f1_score": 0.7103957331699352,
  "avg_inference_ms": 3.3213564471773327,
  "total_test_images": 1301,
  "class_names": [
    "cataract",
    "diabetic_retinopathy",
    "glaucoma",
    "normal",
    "retina_disease"
  ]
}