{
  "model": "ResNet50",
  "run_name": "resnet50_20260527_210839",
  "timestamp": "2026-05-27T21:13:03.045491",
  "accuracy": 0.6702536510376633,
  "precision": 0.7361240823792906,
  "recall": 0.6702536510376633,
  "f1_score": 0.6868481494578217,
  "avg_inference_ms": 3.3507827242734707,
  "total_test_images": 1301,
  "class_names": [
    "cataract",
    "diabetic_retinopathy",
    "glaucoma",
    "normal",
    "retina_disease"
  ]
}