{
  "model": "ResNet50",
  "run_name": "resnet50_20260603_173620",
  "timestamp": "2026-06-03T17:44:26.377486",
  "accuracy": 0.6487317448116833,
  "precision": 0.7198398779820753,
  "recall": 0.6487317448116833,
  "f1_score": 0.6605797460224818,
  "avg_inference_ms": 3.6575257274208393,
  "total_test_images": 1301,
  "class_names": [
    "cataract",
    "diabetic_retinopathy",
    "glaucoma",
    "normal",
    "retina_disease"
  ]
}