{
  "model": "ResNet50",
  "run_name": "resnet50_20260603_172729",
  "timestamp": "2026-06-03T17:36:12.869395",
  "accuracy": 0.6225980015372791,
  "precision": 0.7181570422326448,
  "recall": 0.6225980015372791,
  "f1_score": 0.6524594465846861,
  "avg_inference_ms": 3.526656834736501,
  "total_test_images": 1301,
  "class_names": [
    "cataract",
    "diabetic_retinopathy",
    "glaucoma",
    "normal",
    "retina_disease"
  ]
}