{
  "resnet50": {
    "accuracy": {
      "mean": 0.75249807840123,
      "std": 0.10386782029104978
    },
    "precision_weighted": {
      "mean": 0.8017116049554592,
      "std": 0.07155588036666549
    },
    "recall_weighted": {
      "mean": 0.75249807840123,
      "std": 0.10386782029104978
    },
    "f1_weighted": {
      "mean": 0.7667375415942032,
      "std": 0.09440645275277695
    },
    "auc_roc_macro": {
      "mean": 0.9334939150341354,
      "std": 0.03541320568197702
    },
    "avg_latency_ms": {
      "mean": 65.13891255522641,
      "std": 4.921256649292592
    },
    "classes_f1": {
      "cataract": {
        "mean": 0.8503976875770399,
        "std": 0.05420152297864256
      },
      "diabetic_retinopathy": {
        "mean": 0.8336846941587028,
        "std": 0.08069026517266328
      },
      "glaucoma": {
        "mean": 0.6945084601296266,
        "std": 0.10687180783800719
      },
      "normal": {
        "mean": 0.5799982601488749,
        "std": 0.1519158803793166
      },
      "retina_disease": {
        "mean": 0.4330364624482272,
        "std": 0.23795627779607054
      }
    }
  },
  "densenet121": {
    "accuracy": {
      "mean": 0.6920317704330002,
      "std": 0.09950905220737664
    },
    "precision_weighted": {
      "mean": 0.7792086830671704,
      "std": 0.04223875895583873
    },
    "recall_weighted": {
      "mean": 0.6920317704330002,
      "std": 0.09950905220737664
    },
    "f1_weighted": {
      "mean": 0.7162750200971436,
      "std": 0.0819069173916228
    },
    "auc_roc_macro": {
      "mean": 0.9256064233782308,
      "std": 0.03351101025473602
    },
    "avg_latency_ms": {
      "mean": 39.31587981835653,
      "std": 0.3145610284595568
    },
    "classes_f1": {
      "cataract": {
        "mean": 0.8284169663795783,
        "std": 0.05068779526612242
      },
      "diabetic_retinopathy": {
        "mean": 0.775259460502598,
        "std": 0.09382741631523063
      },
      "glaucoma": {
        "mean": 0.6662882477711304,
        "std": 0.07600457340977312
      },
      "normal": {
        "mean": 0.5096403741963876,
        "std": 0.08178892580108411
      },
      "retina_disease": {
        "mean": 0.36883019383019383,
        "std": 0.25807865718576234
      }
    }
  },
  "efficientnet": {
    "accuracy": {
      "mean": 0.614399180117858,
      "std": 0.037683374452165484
    },
    "precision_weighted": {
      "mean": 0.6114627030824525,
      "std": 0.07205489890850451
    },
    "recall_weighted": {
      "mean": 0.614399180117858,
      "std": 0.037683374452165484
    },
    "f1_weighted": {
      "mean": 0.5812591927301031,
      "std": 0.05778559947690188
    },
    "auc_roc_macro": {
      "mean": 0.8590162377993614,
      "std": 0.023966094091489188
    },
    "avg_latency_ms": {
      "mean": 41.68910806740427,
      "std": 0.10566762478156923
    },
    "classes_f1": {
      "cataract": {
        "mean": 0.6787971202049188,
        "std": 0.07690872061667865
      },
      "diabetic_retinopathy": {
        "mean": 0.736159832980829,
        "std": 0.03783598235567938
      },
      "glaucoma": {
        "mean": 0.48825814422300406,
        "std": 0.04529207244751904
      },
      "normal": {
        "mean": 0.13268566930904593,
        "std": 0.15325333366165195
      },
      "retina_disease": {
        "mean": 0.392015392015392,
        "std": 0.17326569389227442
      }
    }
  },
  "sunet": {
    "accuracy": {
      "mean": 0.7381501409172432,
      "std": 0.08929975457031072
    },
    "precision_weighted": {
      "mean": 0.7694204987321593,
      "std": 0.07573312100312678
    },
    "recall_weighted": {
      "mean": 0.7381501409172432,
      "std": 0.08929975457031072
    },
    "f1_weighted": {
      "mean": 0.7469066109772068,
      "std": 0.08483477951221229
    },
    "auc_roc_macro": {
      "mean": 0.9269006788962151,
      "std": 0.03432416813567117
    },
    "avg_latency_ms": {
      "mean": 32.401657092274995,
      "std": 0.21616188487602467
    },
    "classes_f1": {
      "cataract": {
        "mean": 0.8322542339675415,
        "std": 0.04860359761890881
      },
      "diabetic_retinopathy": {
        "mean": 0.8357874664908426,
        "std": 0.0643547150992336
      },
      "glaucoma": {
        "mean": 0.6798764620580714,
        "std": 0.09614890962234682
      },
      "normal": {
        "mean": 0.4927389694443341,
        "std": 0.17531567022835418
      },
      "retina_disease": {
        "mean": 0.3717220930925562,
        "std": 0.1287653158707677
      }
    }
  },
  "yolov8": {
    "accuracy": {
      "mean": 0.7568537022802971,
      "std": 0.10792810596320047
    },
    "precision_weighted": {
      "mean": 0.7774012259047822,
      "std": 0.0939829129747584
    },
    "recall_weighted": {
      "mean": 0.7568537022802971,
      "std": 0.10792810596320047
    },
    "f1_weighted": {
      "mean": 0.7586233720495684,
      "std": 0.10679057439377251
    },
    "auc_roc_macro": {
      "mean": 0.9285559331577264,
      "std": 0.04402083842718448
    },
    "avg_latency_ms": {
      "mean": 26.608131434591865,
      "std": 0.031954566574979165
    },
    "classes_f1": {
      "cataract": {
        "mean": 0.7488379899689582,
        "std": 0.12499741207764636
      },
      "diabetic_retinopathy": {
        "mean": 0.8537558811068745,
        "std": 0.07672901491545012
      },
      "glaucoma": {
        "mean": 0.6505819602584363,
        "std": 0.14503108887544744
      },
      "normal": {
        "mean": 0.61666947619878,
        "std": 0.1442566473779371
      },
      "retina_disease": {
        "mean": 0.21057471264367814,
        "std": 0.24342993212342115
      }
    }
  },
  "yolo11": {
    "accuracy": {
      "mean": 0.7583909812964387,
      "std": 0.11921155771413572
    },
    "precision_weighted": {
      "mean": 0.7514767626147623,
      "std": 0.12638951074946964
    },
    "recall_weighted": {
      "mean": 0.7583909812964387,
      "std": 0.11921155771413572
    },
    "f1_weighted": {
      "mean": 0.7433863822605357,
      "std": 0.13116798406867272
    },
    "auc_roc_macro": {
      "mean": 0.8986751557570987,
      "std": 0.06274988616465892
    },
    "avg_latency_ms": {
      "mean": 28.281878239980824,
      "std": 0.21070966197870789
    },
    "classes_f1": {
      "cataract": {
        "mean": 0.8309213028675332,
        "std": 0.06306216546338574
      },
      "diabetic_retinopathy": {
        "mean": 0.8273850297271027,
        "std": 0.09472085288641943
      },
      "glaucoma": {
        "mean": 0.7020163503594091,
        "std": 0.142542512180031
      },
      "normal": {
        "mean": 0.4827823408778593,
        "std": 0.2986379398957114
      },
      "retina_disease": {
        "mean": 0.3225806451612903,
        "std": 0.4561979233461597
      }
    }
  }
}