{
  "model": "EfficientNetV2-S",
  "run_name": "efficientnet_20260527_213345",
  "timestamp": "2026-05-27T21:38:21.110457",
  "accuracy": 0.568793235972329,
  "precision": 0.5863443872906208,
  "recall": 0.568793235972329,
  "f1_score": 0.5386730788325148,
  "avg_inference_ms": 6.750163071710819,
  "total_test_images": 1301,
  "class_names": [
    "cataract",
    "diabetic_retinopathy",
    "glaucoma",
    "normal",
    "retina_disease"
  ]
}