{
  "model": "EfficientNetV2-S",
  "run_name": "efficientnet_20260520_131350",
  "timestamp": "2026-05-20T14:35:34.330424",
  "accuracy": 0.6671790930053805,
  "precision": 0.7086758385023243,
  "recall": 0.6671790930053805,
  "f1_score": 0.668286292367145,
  "avg_inference_ms": 6.656525228501832,
  "total_test_images": 1301,
  "class_names": [
    "cataract",
    "diabetic_retinopathy",
    "glaucoma",
    "normal",
    "retina_disease"
  ]
}