{
  "model": "EfficientNetV2-S",
  "run_name": "efficientnet_20260527_214026",
  "timestamp": "2026-05-27T21:45:27.087235",
  "accuracy": 0.6133743274404304,
  "precision": 0.5619962478148487,
  "recall": 0.6133743274404304,
  "f1_score": 0.5479005173646859,
  "avg_inference_ms": 6.3806478103063,
  "total_test_images": 1301,
  "class_names": [
    "cataract",
    "diabetic_retinopathy",
    "glaucoma",
    "normal",
    "retina_disease"
  ]
}