{
  "model": "EfficientNetV2-S",
  "run_name": "efficientnet_20260603_080413",
  "timestamp": "2026-06-03T10:22:07.953936",
  "accuracy": 0.5518831667947732,
  "precision": 0.5112133736985434,
  "recall": 0.5518831667947732,
  "f1_score": 0.4838470654057344,
  "avg_inference_ms": 7.4861832163500655,
  "total_test_images": 1301,
  "class_names": [
    "cataract",
    "diabetic_retinopathy",
    "glaucoma",
    "normal",
    "retina_disease"
  ]
}