{
  "model": "EfficientNetV2-S",
  "seed": 42,
  "accuracy": 0.6594926979246734,
  "precision_weighted": 0.7131380506163674,
  "recall_weighted": 0.6594926979246734,
  "f1_weighted": 0.6613855099662004,
  "auc_roc_macro": 0.8894209283947241,
  "avg_latency_ms": 41.60636448108811,
  "total_test_images": 1301,
  "classes": {
    "cataract": {
      "precision": 0.7652582159624414,
      "recall": 0.8109452736318408,
      "f1_score": 0.7874396135265701,
      "support": 201
    },
    "diabetic_retinopathy": {
      "precision": 0.8560747663551402,
      "recall": 0.6887218045112782,
      "f1_score": 0.7633333333333333,
      "support": 665
    },
    "glaucoma": {
      "precision": 0.39952718676122934,
      "recall": 0.8756476683937824,
      "f1_score": 0.5487012987012987,
      "support": 193
    },
    "normal": {
      "precision": 0.4959349593495935,
      "recall": 0.2687224669603524,
      "f1_score": 0.3485714285714286,
      "support": 227
    },
    "retina_disease": {
      "precision": 1.0,
      "recall": 0.4666666666666667,
      "f1_score": 0.6363636363636364,
      "support": 15
    }
  }
}