{
  "model": "YOLO11m",
  "run_name": "yolo11m_eye_cls_20260603_180908",
  "timestamp": "2026-06-03T18:13:59.118689",
  "accuracy": 0.6164251207729469,
  "precision": 0.6328158502587479,
  "recall": 0.6164251207729469,
  "f1_score": 0.5759892192340922,
  "avg_inference_ms": 33.31241308203066,
  "total_test_images": 1035,
  "class_names": [
    "cataract",
    "diabetic_retinopathy",
    "glaucoma",
    "normal",
    "retina_disease"
  ]
}