{
  "model": "YOLO11m",
  "run_name": "yolo11m_eye_cls_20260527_222705",
  "timestamp": "2026-05-27T22:29:57.475372",
  "accuracy": 0.6550724637681159,
  "precision": 0.652346466688768,
  "recall": 0.6550724637681159,
  "f1_score": 0.644472327337272,
  "avg_inference_ms": 31.172744317907068,
  "total_test_images": 1035,
  "class_names": [
    "cataract",
    "diabetic_retinopathy",
    "glaucoma",
    "normal",
    "retina_disease"
  ]
}