{
  "model": "Swin Transformer (SUNet)",
  "seed": 2024,
  "accuracy": 0.665641813989239,
  "precision_weighted": 0.7285364179347219,
  "recall_weighted": 0.665641813989239,
  "f1_weighted": 0.6853734839288278,
  "auc_roc_macro": 0.8969331213288836,
  "avg_latency_ms": 32.64755290073216,
  "total_test_images": 1301,
  "classes": {
    "cataract": {
      "precision": 0.8571428571428571,
      "recall": 0.746268656716418,
      "f1_score": 0.7978723404255319,
      "support": 201
    },
    "diabetic_retinopathy": {
      "precision": 0.8168316831683168,
      "recall": 0.7443609022556391,
      "f1_score": 0.7789142407553108,
      "support": 665
    },
    "glaucoma": {
      "precision": 0.7583333333333333,
      "recall": 0.47150259067357514,
      "f1_score": 0.5814696485623003,
      "support": 193
    },
    "normal": {
      "precision": 0.36741214057507987,
      "recall": 0.5066079295154186,
      "f1_score": 0.42592592592592593,
      "support": 227
    },
    "retina_disease": {
      "precision": 0.1724137931034483,
      "recall": 1.0,
      "f1_score": 0.29411764705882354,
      "support": 15
    }
  }
}