{
  "model": "Swin Transformer (SUNet)",
  "seed": 123,
  "accuracy": 0.684857801691007,
  "precision_weighted": 0.7041325713347635,
  "recall_weighted": 0.684857801691007,
  "f1_weighted": 0.6884786375102524,
  "auc_roc_macro": 0.9088135959222059,
  "avg_latency_ms": 32.121418440552695,
  "total_test_images": 1301,
  "classes": {
    "cataract": {
      "precision": 0.8444444444444444,
      "recall": 0.7562189054726368,
      "f1_score": 0.7979002624671916,
      "support": 201
    },
    "diabetic_retinopathy": {
      "precision": 0.7979197622585439,
      "recall": 0.8075187969924812,
      "f1_score": 0.8026905829596412,
      "support": 665
    },
    "glaucoma": {
      "precision": 0.6428571428571429,
      "recall": 0.6528497409326425,
      "f1_score": 0.6478149100257069,
      "support": 193
    },
    "normal": {
      "precision": 0.3935483870967742,
      "recall": 0.2687224669603524,
      "f1_score": 0.3193717277486911,
      "support": 227
    },
    "retina_disease": {
      "precision": 0.15463917525773196,
      "recall": 1.0,
      "f1_score": 0.26785714285714285,
      "support": 15
    }
  }
}