{
  "model": "Swin-T (SUNet)",
  "run_name": "sunet_swint_20260603_174435",
  "timestamp": "2026-06-03T17:53:50.318365",
  "accuracy": 0.5626441199077633,
  "precision": 0.6972970064841756,
  "recall": 0.5626441199077633,
  "f1_score": 0.6055646227026207,
  "avg_inference_ms": 4.701716821070913,
  "total_test_images": 1301,
  "class_names": [
    "cataract",
    "diabetic_retinopathy",
    "glaucoma",
    "normal",
    "retina_disease"
  ]
}