{
  "model": "Swin-T (SUNet)",
  "run_name": "sunet_swint_20260527_215509",
  "timestamp": "2026-05-27T21:59:31.538603",
  "accuracy": 0.6733282090699462,
  "precision": 0.71771319040581,
  "recall": 0.6733282090699462,
  "f1_score": 0.6865804132665805,
  "avg_inference_ms": 5.24415225821399,
  "total_test_images": 1301,
  "class_names": [
    "cataract",
    "diabetic_retinopathy",
    "glaucoma",
    "normal",
    "retina_disease"
  ]
}