{
  "model": "Swin-T (SUNet)",
  "run_name": "sunet_swint_20260527_214907",
  "timestamp": "2026-05-27T21:53:40.050470",
  "accuracy": 0.6956187548039969,
  "precision": 0.7107412939682322,
  "recall": 0.6956187548039969,
  "f1_score": 0.6939515488677777,
  "avg_inference_ms": 4.809283183960618,
  "total_test_images": 1301,
  "class_names": [
    "cataract",
    "diabetic_retinopathy",
    "glaucoma",
    "normal",
    "retina_disease"
  ]
}