{
  "model": "Swin-T (SUNet)",
  "run_name": "sunet_swint_20260520_144127",
  "timestamp": "2026-05-20T16:25:11.086594",
  "accuracy": 0.8593389700230591,
  "precision": 0.8691795887133432,
  "recall": 0.8593389700230591,
  "f1_score": 0.8615455648933695,
  "avg_inference_ms": 6.687353062318161,
  "total_test_images": 1301,
  "class_names": [
    "cataract",
    "diabetic_retinopathy",
    "glaucoma",
    "normal",
    "retina_disease"
  ]
}