{
  "model": "Swin-T (SUNet)",
  "run_name": "sunet_swint_20260602_130636",
  "timestamp": "2026-06-03T01:14:00.812056",
  "accuracy": 0.7809377401998463,
  "precision": 0.8230336713005707,
  "recall": 0.7809377401998463,
  "f1_score": 0.7922298933880033,
  "avg_inference_ms": 5.21319962574096,
  "total_test_images": 1301,
  "class_names": [
    "cataract",
    "diabetic_retinopathy",
    "glaucoma",
    "normal",
    "retina_disease"
  ]
}