{
  "model": "Swin-T (SUNet)",
  "run_name": "sunet_swint_20260603_175358",
  "timestamp": "2026-06-03T18:03:14.066774",
  "accuracy": 0.6126056879323597,
  "precision": 0.7204915869926691,
  "recall": 0.6126056879323597,
  "f1_score": 0.6517701157845756,
  "avg_inference_ms": 4.996287465370407,
  "total_test_images": 1301,
  "class_names": [
    "cataract",
    "diabetic_retinopathy",
    "glaucoma",
    "normal",
    "retina_disease"
  ]
}